大カテゴリ,中カテゴリ,小カテゴリ,施術説明,回数・個数,"価格
(税抜)",/回,税込,"税込
/回",原価率,キャンペーン価格,キャンペーン原価率,旧定価,備品原価,医師・看護師原価,原価合計,備考,社販OFF
肌診断,Eve V muse,,診断のみ,,"5,000",,"5,500",,,,,,,,,,
肌診断,Eve V muse,,1万以上の肌施術の方,,"3,000",,"3,300",,,,,,,,,,
肌診断,Eve V muse,,サブスクor3万円以上のお会計（会計の中に肌施術がある）,,0,,0,,,,,,,,,,
フォトフェイシャル,Stella M22,全顔,,1回,"11,000",,"12,100",,36.4%,"9,800",40.8%,"18,000","2,500","1,500","4,000",,60%
フォトフェイシャル,Stella M22,全顔,,3回,"30,000","10,000","33,000","11,000",40.0%,"29,400",40.8%,,"7,500","4,500","12,000",,60%
フォトフェイシャル,Stella M22,全顔,,5回,"45,000","9,000","49,500","9,900",44.4%,"49,000",40.8%,,"12,500","7,500","20,000",,60%
リフトアップ,ハイフ,ウルトラセルZi,,200S,"20,000",,"22,000",,30.0%,"19,800",30.3%,"50,000","4,000","2,000","6,000",,60%
リフトアップ,ハイフ,ウルトラセルZi,,400S,"38,000","19,000","41,800","20,900",31.6%,"39,600",30.3%,"25,000","8,000","4,000","12,000",,60%
リフトアップ,ハイフ,ウルトラセルZi,,600S,"54,000","18,000","59,400","19,800",33.3%,"59,400",30.3%,"25,000","12,000","6,000","18,000",,60%
リフトアップ,ハイフ,ウルトラセルZi,,800S,"68,000","17,000","74,800","18,700",35.3%,"79,200",30.3%,,"16,000","8,000","24,000",,60%
リフトアップ,ハイフ,ウルトラセルZi,,1000S,"80,000","16,000","88,000","17,600",37.5%,"99,000",30.3%,,"20,000","10,000","30,000",,60%
リフトアップ,オンダリフト,両頬 or 顎下,,初回お試し,,,,,,,,,,,,,60%
リフトアップ,オンダリフト,両頬 or 顎下,,1回,"22,600",,"24,860",,9.3%,,,,100,"2,000","2,100",,60%
リフトアップ,オンダリフト,両頬 or 顎下,,3回,"63,000","21,000","69,300","23,100",10.0%,,,,300,"6,000","6,300",,60%
リフトアップ,オンダリフト,両頬 or 顎下,,5回,"100,000","20,000","110,000","22,000",10.5%,,,,500,"10,000","10,500",,60%
リフトアップ,オンダリフト,両頬 + 顎下セット,,1回,"36,200",,"39,820",,5.8%,,,,100,"2,000","2,100",,60%
リフトアップ,オンダリフト,両頬 + 顎下セット,,3回,"99,000","33,000","108,900","36,300",6.2%,,,,100,"6,000","6,100",,60%
リフトアップ,オンダリフト,両頬 + 顎下セット,,5回,"160,000","32,000","176,000","35,200",6.3%,,,,100,"10,000","10,100",,60%
リフトアップ,オンダリフト,オンダリフトボディ,二の腕・お腹・おしり・太もも・ふくらはぎから1部位,1回,"31,600",,"34,760",,9.5%,,,,"1,000","2,000","3,000",,60%
リフトアップ,オンダリフト,オンダリフトボディ,,3回,"87,000","29,000","95,700","31,900",10.3%,,,,"3,000","6,000","9,000",,60%
リフトアップ,オンダリフト,オンダリフトボディ,,5回,"140,000","28,000","154,000","30,800",10.7%,,,,"5,000","10,000","15,000",,60%
リフトアップ,オンダリフト共通,オンダリフトボディ,"※ オンダリフトボディ2箇所以上の場合10％oFFに
※平日限定12：00～16：00来店の方　お顔が2000円OFFに",,,,,,,,,,,,,,60%
リフトアップ,オリジオKISS,100SHOT　一部,,1回,"28,000",,"30,800",,35.7%,,,,"7,000","3,000","10,000",,60%
リフトアップ,オリジオKISS,300SHOT　両頬,,1回,"65,000",,"71,500",,35.4%,,,,"20,000","3,000","23,000",200～600ショット売りに変更する,60%
リフトアップ,オリジオKISS,600SHOT　全顔,,1回,"110,000",,"121,000",,39.1%,,,,"40,000","3,000","43,000",,60%
リフトアップ,オリジオKISS,ハイフ100SHOT,,1回,"18,000",,"19,800",,24.4%,,,,"1,400","3,000","4,400",,60%
リフトアップ,オリジオKISS,ハイフ300SHOT,,1回,"30,000",,"33,000",,24.0%,,,,"4,200","3,000","7,200",,60%
リフトアップ,オリジオKISS,ハイフ600SHOT,,1回,"48,000",,"52,800",,23.8%,,,,"8,400","3,000","11,400",,60%
リフトアップ,オリジオKISS,RF目元　左右合計100ショット,,1回,"25,000",,"27,500",,,,,,,,,,60%
リフトアップ,オリジオKISS,RF人中短縮、RF小鼻　50ショット,,1回,"18,000",,"19,800",,,,,,,,,,60%
リフトアップ,オリジオKISS,※2回セット～10％OFF,,,,,,,,,,,,,,,60%
ニキビ・ニキビ痕・毛穴治療,ポテンツァ ,S25チップ,,1回,"29,000",,"31,900",,36.2%,"14,800",70.9%,"35,000","7,000","3,500","10,500",,60%
ニキビ・ニキビ痕・毛穴治療,ポテンツァ ,S25チップ,,3回,"81,000","27,000","89,100","29,700",38.9%,"44,400",70.9%,,"21,000","10,500","31,500",,60%
ニキビ・ニキビ痕・毛穴治療,ポテンツァ ,S25チップ,,5回,"120,000","24,000","132,000","26,400",43.8%,"74,000",70.9%,,"35,000","17,500","52,500",,60%
ニキビ・ニキビ痕・毛穴治療,ポテンツァ ,S16チップ,,1回,"29,000",,"31,900",,36.2%,"19,800",53.0%,"35,000","7,000","3,500","10,500",,60%
ニキビ・ニキビ痕・毛穴治療,ポテンツァ ,S16チップ,,3回,"81,000","27,000","89,100","29,700",38.9%,"59,400",53.0%,,"21,000","10,500","31,500",,60%
ニキビ・ニキビ痕・毛穴治療,ポテンツァ ,S16チップ,,5回,"120,000","24,000","132,000","26,400",43.8%,"99,000",53.0%,,"35,000","17,500","52,500",,60%
ニキビ・ニキビ痕・毛穴治療,ポテンツァ ,CP25チップ,,初回限定価格,"30,000",,"33,000",,48.3%,,,,,,,,60%
ニキビ・ニキビ痕・毛穴治療,ポテンツァ ,CP25チップ,,1回,"34,000",,"37,400",,42.6%,"22,800",63.6%,"42,000","11,000","3,500","14,500",,60%
ニキビ・ニキビ痕・毛穴治療,ポテンツァ ,CP25チップ,,3回,"93,000","31,000","102,300","34,100",46.8%,"68,400",63.6%,,"33,000","10,500","43,500",,60%
ニキビ・ニキビ痕・毛穴治療,ポテンツァ ,CP25チップ,,5回,"135,000","27,000","148,500","29,700",53.7%,"99,000",73.2%,,"55,000","17,500","72,500",,60%
ニキビ・ニキビ痕・毛穴治療,ポテンツァ ,CP25チップ,,モニター価格(3回）,"80,000",,"88,000",,54.4%,,,,,,,,60%
ニキビ・ニキビ痕・毛穴治療,エリシスセンス,1PIN / 25PIN / ,,1回,"29,000",,"31,900",,36.2%,"22,800",46.1%,,"7,000","3,500","10,500",,60%
ニキビ・ニキビ痕・毛穴治療,エリシスセンス,1PIN / 25PIN / ,,3回,"78,000","26,000","85,800","28,600",40.4%,"68,400",46.1%,,"21,000","10,500","31,500",,60%
ニキビ・ニキビ痕・毛穴治療,エリシスセンス,1PIN / 25PIN / ,,5回,"110,000","22,000","121,000","24,200",47.7%,"99,000",53.0%,,"35,000","17,500","52,500",,60%
ニキビ・ニキビ痕・毛穴治療,エリシスセンス,1PIN / 25PIN / ,,モニター(3回）,"68,000",,"74,800",,46.3%,,,,,,,,60%
ニキビ・ニキビ痕・毛穴治療,エリシスセンス, 49 PIN,,1回,"32,000",,"35,200",,32.8%,"22,800",46.1%,,"7,000","3,500","10,500",,60%
ニキビ・ニキビ痕・毛穴治療,エリシスセンス, 49 PIN,,3回,"87,000","29,000","95,700","31,900",36.2%,"68,400",46.1%,,"21,000","10,500","31,500",,60%
ニキビ・ニキビ痕・毛穴治療,エリシスセンス, 49 PIN,,5回,"125,000","25,000","137,500","27,500",42.0%,"99,000",53.0%,,"35,000","17,500","52,500",,60%
ニキビ・ニキビ痕・毛穴治療,エリシスセンス, 49 PIN,,モニター(3回）,"77,000",,"84,700",,40.9%,,,,,,,,60%
ニキビ・ニキビ痕・毛穴治療,ニードル薬剤,マックーム,2cc,1回,"15,000",,"16,500",,43.3%,"17,000",38.2%,,"6,000",500,"6,500",,60%
ニキビ・ニキビ痕・毛穴治療,ニードル薬剤,マックーム ,2cc,3回,"45,000",,"49,500",0,43.3%,"51,000",38.2%,,"18,000","1,500","19,500",,60%
ニキビ・ニキビ痕・毛穴治療,ニードル薬剤,マックーム,2cc,5回,"75,000",,"82,500",0,43.3%,"85,000",38.2%,,"30,000","2,500","32,500",,60%
ニキビ・ニキビ痕・毛穴治療,ニードル薬剤,ジュベルック,2cc,1回,"15,000",,"16,500",,43.3%,"17,000",38.2%,,"6,000",500,"6,500",,60%
ニキビ・ニキビ痕・毛穴治療,ニードル薬剤,ジュベルック,2cc,3回,"45,000",,"49,500",0,43.3%,"51,000",38.2%,,"18,000","1,500","19,500",,60%
ニキビ・ニキビ痕・毛穴治療,ニードル薬剤,ジュベルック,2cc,5回,"75,000",,"82,500",0,43.3%,"85,000",38.2%,,"30,000","2,500","32,500",,60%
ニキビ・ニキビ痕・毛穴治療,ニードル薬剤,エクソソーム ,2cc,1回,"15,000",,"16,500",,26.7%,"15,800",25.3%,,"3,500",500,"4,000",,60%
ニキビ・ニキビ痕・毛穴治療,ニードル薬剤,エクソソーム ,2cc,3回,"45,000",,"49,500",0,26.7%,"47,400",25.3%,,"10,500","1,500","12,000",,60%
ニキビ・ニキビ痕・毛穴治療,ニードル薬剤,エクソソーム ,2cc,5回,"75,000",,"82,500",0,26.7%,"79,000",25.3%,,"17,500","2,500","20,000",,60%
ニキビ・ニキビ痕・毛穴治療,ニードル薬剤,リジュランスキンブースター,2cc,1回,"15,000",,"16,500",,43.3%,"19,000",34.2%,,"6,000",500,"6,500",,60%
ニキビ・ニキビ痕・毛穴治療,ニードル薬剤,リジュランスキンブースター,2cc,3回,"45,000",,"49,500",0,43.3%,"57,000",34.2%,,"18,000","1,500","19,500",,60%
ニキビ・ニキビ痕・毛穴治療,ニードル薬剤,リジュランスキンブースター,2cc,5回,"75,000",,"82,500",0,43.3%,"95,000",34.2%,,"30,000","2,500","32,500",,60%
ニキビ・ニキビ痕・毛穴治療,ニードル薬剤,プルリアルデンシファイ,2cc,1回,"40,000",,"44,000",,41.5%,,,,"16,100",500,"16,600",,60%
ニキビ・ニキビ痕・毛穴治療,ニードル薬剤,プルリアルデンシファイ,2cc,3回,"120,000",,"132,000",,41.5%,,,,"48,300","1,500","49,800",,60%
ニキビ・ニキビ痕・毛穴治療,ニードル薬剤,プルリアルデンシファイ,2cc,5回,"200,000",,"220,000",,41.5%,,,,"80,500","2,500","83,000",,60%
ニキビ・ニキビ痕・毛穴治療,ニードル薬剤,スキンボトックス,2cc,1回,"15,000",,"16,500",,23.3%,"17,000",20.6%,"34,000","3,000",500,"3,500",,60%
ニキビ・ニキビ痕・毛穴治療,ニードル薬剤,ジュベルック＋スキンボトックス,4cc,1回,"25,000",,"27,500",,36.0%,"27,000",33.3%,"59,000","9,000",,"9,000",,60%
ニキビ・ニキビ痕・毛穴治療,ニードル薬剤,リジュラン＋スキンボトックス,4cc,1回,"25,000",,"27,500",,36.0%,"29,000",31.0%,"61,000","9,000",,"9,000",,60%
ニキビ・ニキビ痕・毛穴治療,トライフィルプロ,片頬 / こめかみ、鼻など,,1回,"30,000",,"33,000",,25.0%,,,,"4,000","3,500","7,500",,60%
ニキビ・ニキビ痕・毛穴治療,トライフィルプロ,片頬 / こめかみ、鼻など,,3回,"82,500","27,500","90,750","30,250",27.3%,,,,"12,000","10,500","22,500",,60%
ニキビ・ニキビ痕・毛穴治療,トライフィルプロ,片頬 / こめかみ、鼻など,,5回,"125,000","40,000","137,500","44,000",30.0%,,,,"20,000","17,500","37,500",,60%
ニキビ・ニキビ痕・毛穴治療,トライフィルプロ,両頬 / 額こめかみ,,1回,"40,000",,"44,000",,18.8%,,,,"4,000","3,500","7,500",,60%
ニキビ・ニキビ痕・毛穴治療,トライフィルプロ,両頬 / 額こめかみ,,3回,"108,000","36,000","118,800","39,600",20.8%,,,,"12,000","10,500","22,500",,60%
ニキビ・ニキビ痕・毛穴治療,トライフィルプロ,両頬 / 額こめかみ,,5回,"160,000","32,000","176,000","35,200",23.4%,,,,"20,000","17,500","37,500",,60%
ニキビ・ニキビ痕・毛穴治療,トライフィルプロ,全顔 / 首,,1回,"50,000",,"55,000",,17.0%,,,,"5,000","3,500","8,500",,60%
ニキビ・ニキビ痕・毛穴治療,トライフィルプロ,全顔 / 首,,3回,"135,000","45,000","148,500","49,500",18.9%,,,,"15,000","10,500","25,500",,60%
ニキビ・ニキビ痕・毛穴治療,トライフィルプロ,全顔 / 首,,5回,"200,000","40,000","220,000","44,000",21.3%,,,,"25,000","17,500","42,500",,60%
ニキビ・ニキビ痕・毛穴治療,トライフィルプロ,ドクター施術,ペンモードの追加,,"35,000",,,,,,,,"2,000","10,000","12,000",,60%
ニキビ・ニキビ痕・毛穴治療,トライフィルプロ,追加薬剤,ポテンツァ、エリシスと同様,,,,,,,,,,,,,,30%
ニキビ・ニキビ痕・毛穴治療,トライフィルプロ,,全顔＋首の場合,,　全×1.7倍,,,,,,,,,,,,30%
ニキビ・ニキビ痕・毛穴治療,サブシジョン,"ポイント照射
1cm x 1cm程度まで","※目安別途ヒアルロン酸1cc程度
1ccにつき3万",,"20,000",,"22,000",,,,,,,,,,
ニキビ・ニキビ痕・毛穴治療,サブシジョン,小範囲 (2cm x 2cm程度まで),"※目安別途ヒアルロン酸2cc程度
1ccにつき3万",,36000,,"39,600",,,,,,,,,,
ニキビ・ニキビ痕・毛穴治療,サブシジョン,中範囲 (片頬の一部、こめかみなど),"※目安別途ヒアルロン酸3cc程度
1ccにつき3万",,54000,,"59,400",,,,,,,,,,
ニキビ・ニキビ痕・毛穴治療,サブシジョン,広範囲 (両頬全体など、医師判断による),"※目安別途ヒアルロン酸4cc程度
1ccにつき3万",,"90,000",,"99,000",,,,,,,,,,
ニキビ・ニキビ痕・毛穴治療,サブシジョン,サブシジョン備考,3回 or モニターは10% OFF,,,,,,,,,,,,,,
ニキビ・ニキビ痕・毛穴治療,サブシジョン,サブシジョン備考,3回かつモニターは20% OFF,,,,,,,,,,,,,,
ニキビ・ニキビ痕・毛穴治療,ダーマペン4,全顔,,1回,"12,000",,"13,200",,50.0%,"9,900",60.6%,"25,000","2,500","3,500","6,000",,30%
ニキビ・ニキビ痕・毛穴治療,ダーマペン4,全顔,,3回,"33,000","11,000","36,300","12,100",54.5%,"29,700",60.6%,,"7,500","10,500","18,000",,
ニキビ・ニキビ痕・毛穴治療,ダーマペン4,全顔,,5回,"50,000","10,000","55,000","11,000",60.0%,"49,500",60.6%,,"12,500","17,500","30,000",,
ニキビ・ニキビ痕・毛穴治療,ダーマペン4,ヴェルベットスキン,,1回,"23,000",,"25,300",,32.6%,"19,800",37.9%,"38,000","4,000","3,500","7,500",,60%
ニキビ・ニキビ痕・毛穴治療,ダーマペン4,ヴェルベットスキン,,3回,"63,000","21,000","69,300","23,100",35.7%,"59,400",37.9%,,"12,000","10,500","22,500",,
ニキビ・ニキビ痕・毛穴治療,ダーマペン4,ヴェルベットスキン,,5回,"95,000","19,000","104,500","20,900",39.5%,"99,000",37.9%,,"20,000","17,500","37,500",,
レーザー治療,ピコレーザー,ピコトーニング,,1回,"9,000",,"9,900",,,,,,,,,,60%
レーザー治療,ピコレーザー,ピコトーニング,,5回,"40,000",,"44,000",,,,,,,,,,
レーザー治療,ピコレーザー,ピコトーニング,,10回,"80,000",,"88,000",,,,,,,,,,
レーザー治療,ピコレーザー,ピコフラクショナル,,1回,"15,000",,"16,500",,,,,,,,,,
レーザー治療,ピコレーザー,ピコフラクショナル,,5回,"68,000",,"74,800",,,,,,,,,,
レーザー治療,ピコレーザー,ピコスポット,,1か所,"5,000",,"5,500",,,,,,,,,,
レーザー治療,ピコレーザー,ピコスポット,,3か所,"13,000",,"14,300",,,,,,,,,,
レーザー治療,ピコレーザー,ピコスポット,,15か所,"20,000",,"22,000",,,,,,,,,,
レーザー治療,ピコレーザー,ピコスポット,,取り放題,"33,000",,"36,300",,,,,,,,,,
各種ピーリング,ララドクター,,,初回お試し,"10,000",,"11,000",,40.0%,,#DIV/0!,"14,000","2,000","2,000","4,000",,-
各種ピーリング,ララドクター,,,1回,"15,000",,"16,500",,26.7%,,#DIV/0!,"14,000","2,000","2,000","4,000",,60%
各種ピーリング,ララドクター,,,3回,"40,500","13,500","44,550","14,850",29.6%,,,"75,000","6,000","6,000","12,000",,
各種ピーリング,ララドクター,,,5回,"60,000","12,000","66,000","13,200",33.3%,,,"125,000","10,000","10,000","20,000",,
各種ピーリング,マッサージピール,,,初回お試し,"9,000",,"9,900",,44.4%,,#DIV/0!,"14,000","2,000","2,000","4,000",,
各種ピーリング,マッサージピール,,,1回,"12,000",,"13,200",,32.0%,"9,900",38.8%,"12,000","1,836","2,000","3,836",,60%
各種ピーリング,マッサージピール,,,3回,"33,000","11,000","36,300","12,100",34.9%,,#DIV/0!,,"5,509","6,000","11,509",,
各種ピーリング,マッサージピール,,,5回,"48,000","9,600","52,800","10,560",40.0%,,#DIV/0!,,"9,182","10,000","19,182",,
各種ピーリング,ミラノリピール,,,1回,"12,000",,"13,200",,35.5%,"9,900",43.0%,"12,000","2,257","2,000","4,257",,60%
各種ピーリング,ミラノリピール,,,3回,"33,000","11,000","36,300","12,100",38.7%,,#DIV/0!,,"6,772","6,000","12,772",,
各種ピーリング,ミラノリピール,,,5回,"48,000","9,600","52,800","10,560",44.3%,,#DIV/0!,,"11,286","10,000","21,286",,
各種ピーリング,マヌカピール,,,1回,"12,000",,"13,200",,23.0%,"7,900",35.0%,"12,000",763,"2,000","2,763",,60%
各種ピーリング,マヌカピール,,,3回,"33,000","11,000","36,300","12,100",25.1%,,#DIV/0!,,"2,288","6,000","8,288",,
各種ピーリング,マヌカピール,,,5回,"48,000","9,600","52,800","10,560",28.8%,,#DIV/0!,,"3,814","10,000","13,814",,
各種ピーリング,ハイドラジェントル ,,,1回,"12,000",,"13,200",,25.8%,"9,900",31.2%,"12,000","1,091","2,000","3,091",,60%
各種ピーリング,ハイドラジェントル ,,,3回,"33,000","11,000","36,300","12,100",28.1%,,#DIV/0!,,"3,273","6,000","9,273",,
各種ピーリング,ハイドラジェントル ,,,5回,"48,000","9,600","52,800","10,560",32.2%,,#DIV/0!,,"5,455","10,000","15,455",,
各種ピーリング,ハイドラジェントル ,ポアレスオプション,,1回,"1,500",,"1,650",,,,,,100,500,600,,60%
各種ピーリング,ブラックピール,,,1回,"12,000",,"13,200",,,,,,,,,,
各種ピーリング,ブラックピール,,,3回,"33,000",,"36,300",,,,,,,,,,
各種ピーリング,ブラックピール,,,5回,"48,000",,"52,800",,,,,,,,,,
各種ピーリング,ジャルプログロウピール,,1cc,1回,"13,500",,"14,850",,,,,,"1,026","2,000","3,026",,
各種ピーリング,ジャルプログロウピール,,1cc,3回,"38,000",,"41,800",,,,,,"3,078","6,000","9,078",,
各種ピーリング,ジャルプログロウピール,,1cc,5回,"59,000",,"64,900",,,,,,"5,130","10,000","15,130",,
各種ピーリング,,ピーリングオプション,顔＋首の場合,,各料金1.7倍,,,,,,,,,,,,60%
導入・エレクトロポレーション,ケアシスS,,ペップビュー全顔(小ジワ・美白・ハリ・肌の再生),,"12,000",,"13,200",,,,,,,,,,30％
導入・エレクトロポレーション,ケアシスS,,他施術とのセット,,"9,000",,"9,900",,,,,,,,,,
導入・エレクトロポレーション,ケアシスS,,レナトスTaプラス　全顔 (美白・くすみ),,"11,000",,"12,100",,,,,,,,,,
導入・エレクトロポレーション,ケアシスS,,他施術とのセット,,"8,000",,"8,800",,,,,,,,,,
導入・エレクトロポレーション,ケアシスS,,,,,,,,,,,,,,,,
導入・エレクトロポレーション,ケアシスS,,,,,,,,,,,,,,,,
導入・エレクトロポレーション,ケアシスS,,,,,,,,,,,,,,,,
医療脱毛,ソプラノプラチナム,,女性　全身,顔・VIO除く,"35,000",,"38,500",,22.9%,,#DIV/0!,"40,000","2,000","6,000","8,000",,60%
医療脱毛,ソプラノプラチナム,,,顔・VIO込,"45,000",,"49,500",,17.8%,,#DIV/0!,"50,000","2,000","6,000","8,000",,60%
医療脱毛,ソプラノプラチナム,,男性　全身,顔・VIO除く,"50,000",,"55,000",,16.0%,,#DIV/0!,"75,000","2,000","6,000","8,000",,60%
医療脱毛,ソプラノプラチナム,,,顔・VIO込,"60,000",,"66,000",,13.3%,,#DIV/0!,"95,000","2,000","6,000","8,000",,60%
医療脱毛,ソプラノプラチナム,,どっちも,15分当て放題,"12,000",,"13,200",,16.7%,"9,900",20.2%,,500,"1,500","2,000",,60%
医療脱毛,ソプラノプラチナム,,,30分当て放題,"18,000",,"19,800",,19.4%,"19,800",17.7%,,"1,000","2,500","3,500",,60%
医療脱毛,ソプラノプラチナム,,,60分当て放題,"32,000",,"35,200",,15.6%,"39,600",12.6%,,"1,500","3,500","5,000",,60%
医療脱毛,ソプラノプラチナム,,麻酔クリーム,,"3,000",,"3,300",,16.7%,,#DIV/0!,"3,000",500,0,500,,60%
医療脱毛,ソプラノプラチナム,,剃り残し,,"2,000",,"2,200",,25.0%,,#DIV/0!,2000 -,0,500,500,,60%
アートメイク,眉,,パウダー、毛並み、ミックス選べる,初回(1回),"49,000",,"53,900",,,,,,,,,,
アートメイク,眉,,パウダー、毛並み、ミックス選べる,2回セット,"89,000",,"97,900",,,,,,,,,,
アートメイク,眉,,パウダー、毛並み、ミックス選べる,リタッチ(初回),"40,000",,"44,000",,,,,,,,,,
アートメイク,ヘアライン,,,初回(1回),"60,000",,"66,000",,,,,,,,,,
アートメイク,ヘアライン,,,3回セット,"165,000",,"181,500",,,,,,,,,,
アートメイク,ヘアライン,,,リタッチ(初回),"55,000",,"60,500",,,,,,,,,,
アートメイク,リップ,,,初回(1回),"60,000",,"66,000",,,,,,,,,,
アートメイク,リップ,,,2回セット,"90,000",,"99,000",,,,,,,,,,
アートメイク,リップ,,,リタッチ（初回）,"52,000",,"57,200",,,,,,,,,,
アートメイク,アイライン,,,初回1回,"40,000",,"44,000",,,,,,,,,,
アートメイク,アイライン,,,2回セット,"70,000",,"77,000",,,,,,,,,,
アートメイク,アイライン,,,リタッチ(初回),"32,000",,"35,200",,,,,,,,,,
アートメイク,アートメイク共通備考,,麻酔込,,,,,,,,,,,,,,
点滴・注射,点滴,デトックス点滴,,,"12,000",,"13,200",,20.2%,,#DIV/0!,"12,000",922,"1,500","2,422",,60%
点滴・注射,点滴,スーパーデトックス点滴,,,"18,000",,"19,800",,14.7%,,#DIV/0!,"18,000","1,145","1,500","2,645",,60%
点滴・注射,点滴,ハイパーデトックス点滴,,,"35,000",,"38,500",,11.5%,,#DIV/0!,"35,000","1,530","2,500","4,030",,60%
点滴・注射,点滴,高濃度ビタミンC点滴 (20cc),,,"9,000",,"9,900",,23.6%,"7,800",27.2%,"12,000",624,"1,500","2,124",,60%
点滴・注射,点滴,追加 高濃度ビタミンc 20cc,,,"7,000",,"7,700",,14.1%,"7,800",12.7%,"6,000",490,500,990,,60%
点滴・注射,点滴,美白(白玉)点滴,,,"7,000",,"7,700",,35.6%,,#DIV/0!,"8,000",994,"1,500","2,494",,60%
点滴・注射,点滴,超絶美白点滴,,,"12,000",,"13,200",,24.9%,"8,800",33.9%,"16,000","1,484","1,500","2,984",,60%
点滴・注射,点滴,疲労回復点滴,,,"8,000",,"8,800",,30.5%,,#DIV/0!,"8,000",941,"1,500","2,441",,60%
点滴・注射,点滴,マイヤーズカクテル点滴,,,"9,000",,"9,900",,22.5%,,#DIV/0!,"15,000",523,"1,500","2,023",,60%
点滴・注射,点滴,スーパーにんにく点滴,,,"6,000",,"6,600",,32.0%,,#DIV/0!,"8,000",422,"1,500","1,922",,60%
点滴・注射,点滴,無臭にんにく点滴,,,"6,000",,"6,600",,30.4%,,#DIV/0!,"8,000",323,"1,500","1,823",,60%
点滴・注射,点滴,痩身点滴,,,"8,000",,"8,800",,30.1%,,#DIV/0!,"8,000",909,"1,500","2,409",,60%
点滴・注射,点滴,脂肪燃焼点滴,,,"8,000",,"8,800",,31.5%,,#DIV/0!,"8,000","1,021","1,500","2,521",,60%
点滴・注射,点滴,二日酔い点滴,,,"8,000",,"8,800",,30.2%,,#DIV/0!,"12,000",914,"1,500","2,414",,60%
点滴・注射,点滴,ダブル二日酔い点滴,,,"16,000",,"17,600",,23.1%,,#DIV/0!,"18,000","1,200","2,500","3,700",,60%
点滴・注射,点滴,最強二日酔い点滴,,,"42,000",,"46,200",,24.3%,,#DIV/0!,"55,000","8,700","1,500","10,200",,60%
点滴・注射,点滴,エクソソーム点滴 ,2cc,臍帯血由来,"26,000",,"28,600",,34.6%,"19,800",45.5%,"35,000","7,500","1,500","9,000",,30%
点滴・注射,点滴, エクソソーム追加 ,2ccごとに,,"21,000",,"23,100",,35.7%,,#DIV/0!,"25,000","7,000",500,"7,500",,30%
点滴・注射,点滴,NMN点滴,2cc,,"26,000",,"28,600",,30.8%,,#DIV/0!,"42,000","6,500","1,500","8,000",,30%
点滴・注射,点滴, NMN追加追加 ,2ccごとに,,"21,000",,"23,100",,35.7%,,#DIV/0!,"25,000","6,000","1,500","7,500",,30%
点滴・注射,注射,肝臓ブースト注射,,,"8,000",,"8,800",,28.9%,,#DIV/0!,"8,000",809,"1,500","2,309",,60%
点滴・注射,注射,プラセンタ注射,,,"2,500",,"2,750",,67.3%,,#DIV/0!,"2,500",182,"1,500","1,682",,60%
点滴・注射,注射,にんにく注射,,,"4,000",,"4,400",,40.8%,,#DIV/0!,"4,000",130,"1,500","1,630",,60%
点滴・注射,点滴・注射,点滴検査,G6PD検査,,"3,000",,"3,300",,100.0%,,#DIV/0!,,"1,500","1,500","3,000",,60%
脂肪吸引,ホホ下,,,,,,,,,,,,,,,,
脂肪吸引,エラ下,,,,,,,,,,,,,,,,
脂肪吸引,あご下,,,,,,,,,,,,,,,,
脂肪吸引,バッカルファット,,,,,,,,,,,,,,,,
脂肪吸引,メーラーファット,,,,,,,,,,,,,,,,
脂肪吸引,ジョールファット,,,,,,,,,,,,,,,,
脂肪吸引,2部位セット,,,,,,,,,,,,,,,,
脂肪吸引,3部位セット,,,,,,,,,,,,,,,,
脂肪吸引,4部位セット,,,,,,,,,,,,,,,,
脂肪吸引,5部位セット,,,,,,,,,,,,,,,,
脂肪吸引,6部位セット,,,,,,,,,,,,,,,42000/10cc,
脂肪溶解注射,Fat X core,,1cc - 9cc,1ccあたり,"7,200",,"7,920",,0.00%,,,,4000,,,7800/8cc,30%
脂肪溶解注射,Fat X core,,10cc以上,1ccあたり,"6,000",,"6,600",,0.00%,,,,,,,,30%
脂肪溶解注射,カベリン,,1cc - 19cc,1ccあたり,"3,600",,"3,960",,,,,,,,,,30%
脂肪溶解注射,カベリン,,20cc以上,1ccあたり,"2,800",,"3,080",,,,,,,,,,30%
肌育注射,リジュランヒーラー,,4cc 全顔,,"60,000",,"66,000",,53.3%,,,,28000,"4,000","32,000",13000/2cc,30％
肌育注射,リズネ,,2cc ,追加1ｃｃから,"42,000",,"46,200",,57.1%,,,,20000,"4,000","24,000",20000/2cc,30％
肌育注射,プルリアルデンシファイ,,4cc 全顔,,"80,000",,"88,000",,60.0%,,,,44000,"4,000","48,000",16100/2cc,30％
肌育注射,プルリアルバイオスカルプチャー,,2cc,首用,"50,000",,"55,000",,44.0%,,,,18000,"4,000","22,000",18100/2cc,30％
肌育注射,ジュベルック,,4cc 全顔,,"50,000",,"55,000",,38.0%,,,,"15,000","4,000","19,000",20000/50mg,30％
肌育注射,スネコスパフォルマ,,3cc 全顔,3ccずつ,"40,000",,"44,000",,51.3%,,,,"16,500","4,000","20,500",,30％
肌育注射,スキンバイブ,,1ccあたり,1cc,"50,000",,"55,000",,,,,,,,,,
肌育注射,肌育注射共通備考,全メニュー,ブロック注射料金込,,,,,,,,,,,,,,
ボトックス注射,韓国社製ボトックス / ボツラックス,おでこ,,10単位,"5,000",,"5,500",,,,,,,,,,60％
ボトックス注射,韓国社製ボトックス / ボツラックス,眉間,,10単位,"5,000",,"5,500",,,,,,,,,,60％
ボトックス注射,韓国社製ボトックス / ボツラックス,目尻,,両側 10単位,"5,000",,"5,500",,,,,,,,,,60％
ボトックス注射,韓国社製ボトックス / ボツラックス,目の下,,両側 5単位,"5,000",,"5,500",,,,,,,,,,60％
ボトックス注射,韓国社製ボトックス / ボツラックス,バニーライン,,5単位,"5,000",,"5,500",,,,,,,,,,60％
ボトックス注射,韓国社製ボトックス / ボツラックス,小鼻,,5単位,"5,000",,"5,500",,,,,,,,,,60％
ボトックス注射,韓国社製ボトックス / ボツラックス,ガミースマイル,,5単位,"5,000",,"5,500",,,,,,,,,,60％
ボトックス注射,韓国社製ボトックス / ボツラックス,口角,,5単位,"5,000",,"5,500",,,,,,,,,,60％
ボトックス注射,韓国社製ボトックス / ボツラックス,顎(梅干し),,5単位,"5,000",,"5,500",,,,,,,,,,60％
ボトックス注射,韓国社製ボトックス / ボツラックス,エラ,,両側 50単位,"15,000",,"16,500",,,,,,,,,,60％
ボトックス注射,韓国社製ボトックス / ボツラックス,側頭筋(くいしばり),,両側 50単位,"15,000",,"16,500",,,,,,,,,,60％
ボトックス注射,韓国社製ボトックス / ボツラックス,人中,,5単位,"5,000",,"5,500",,,,,,,,,,60％
ボトックス注射,韓国社製ボトックス / ボツラックス,唾液腺,,両側 50単位,"15,000",,"16,500",,,,,,,,,,60％
ボトックス注射,韓国社製ボトックス / ボツラックス,首,,30単位,"8,000",,"8,800",,,,,,,,,,60％
ボトックス注射,韓国社製ボトックス / ボツラックス,肩,,両側 50単位,"15,000",,"16,500",,,,,,,,,,60％
ボトックス注射,韓国社製ボトックス / ボツラックス,ふくらはぎ,,両側 100単位,"20,000",,"22,000",,,,,,,,,,60％
ボトックス注射,韓国社製ボトックス / ボツラックス,脇,,両側 50単位,"15,000",,"16,500",,,,,,,,,,60％
ボトックス注射,韓国社製ボトックス / ボツラックス,手のひら,,両側 50単位,"15,000",,"16,500",,,,,,,,,,60％
ボトックス注射,韓国社製ボトックス / ボツラックス,顔全体,,40単位,"38,000",,"41,800",,,,,,,,,,60％
ボトックス注射,韓国社製ボトックス / ボツラックス,額、鼻,,10単位,"22,000",,"24,200",,,,,,,,,,60％
ボトックス注射,韓国社製ボトックス / ボツラックス,頬,,20位,"26,000",,"28,600",,,,,,,,,,60％
ボトックス注射,韓国社製ボトックス / ボツラックス,フェイスライン,,20単位,"26,000",,"28,600",,,,,,,,,,60％
ボトックス注射,韓国社製ボトックス / ボツラックス,首,,20単位,"30,000",,"33,000",,,,,,,,,,60％
ボトックス注射,韓国社製ボトックス / ボツラックス,デコルテ,,30単位,"30,000",,"33,000",,,,,,,,,,60％
ボトックス注射,アラガン社製ボトックス,おでこ,,10単位,"9,000",,"9,900",,,,,,,,,,60％
ボトックス注射,アラガン社製ボトックス,眉間,,10単位,"9,000",,"9,900",,,,,,,,,,60％
ボトックス注射,アラガン社製ボトックス,目尻,,両側 10単位,"9,000",,"9,900",,,,,,,,,,60％
ボトックス注射,アラガン社製ボトックス,目の下,,両側 5単位,"9,000",,"9,900",,,,,,,,,,60％
ボトックス注射,アラガン社製ボトックス,バニーライン,,5単位,"9,000",,"9,900",,,,,,,,,,60％
ボトックス注射,アラガン社製ボトックス,小鼻,,5単位,"9,000",,"9,900",,,,,,,,,,60％
ボトックス注射,アラガン社製ボトックス,ガミースマイル,,5単位,"9,000",,"9,900",,,,,,,,,,60％
ボトックス注射,アラガン社製ボトックス,口角,,5単位,"9,000",,"9,900",,,,,,,,,,60％
ボトックス注射,アラガン社製ボトックス,顎(梅干し),,5単位,"9,000",,"9,900",,,,,,,,,,60％
ボトックス注射,アラガン社製ボトックス,エラ,,両側 50単位,"27,000",,"29,700",,,,,,,,,,60％
ボトックス注射,アラガン社製ボトックス,側頭筋(くいしばり),,両側 50単位,"27,000",,"29,700",,,,,,,,,,60％
ボトックス注射,アラガン社製ボトックス,人中,,5単位,"9,000",,"9,900",,,,,,,,,,60％
ボトックス注射,アラガン社製ボトックス,唾液腺,,両側 50単位,"27,000",,"29,700",,,,,,,,,,60％
ボトックス注射,アラガン社製ボトックス,首,,30単位,"15,000",,"16,500",,,,,,,,,,60％
ボトックス注射,アラガン社製ボトックス,肩,,両側 50単位,"27,000",,"29,700",,,,,,,,,,60％
ボトックス注射,アラガン社製ボトックス,ふくらはぎ,,両側 100単位,"50,000",,"55,000",,,,,,,,,,60％
ボトックス注射,アラガン社製ボトックス,脇,,両側 50単位,"27,000",,"29,700",,,,,,,,,,60％
ボトックス注射,アラガン社製ボトックス,手のひら,,両側 50単位,"27,000",,"29,700",,,,,,,,,,60％
ボトックス注射,アラガン社製ボトックス,顔全体,,40単位,"58,000",,"63,800",,,,,,,,,,60％
ボトックス注射,アラガン社製ボトックス,額、鼻,,10単位,"32,000",,"35,200",,,,,,,,,,60％
ボトックス注射,アラガン社製ボトックス,頬,,20位,"38,000",,"41,800",,,,,,,,,,60％
ボトックス注射,アラガン社製ボトックス,フェイスライン,,20単位,"38,000",,"41,800",,,,,,,,,,60％
ボトックス注射,アラガン社製ボトックス,首,,20単位,"42,000",,"46,200",,,,,,,,,,60％
ボトックス注射,アラガン社製ボトックス,デコルテ,,30単位,"42,000",,"46,200",,,,,,,,,,60％
ボトックス注射,ボトックス共通備考,,多め料金 X1.8,,,,,,,,,,,,,,
ヒアルロン酸注入,ジュビダームビスタ,ボリフト,,1ccあたり,"50,000",,"55,000",,,,,,,,,,30％
ヒアルロン酸注入,ジュビダームビスタ,ボルベラ,,1ccあたり,"50,000",,"55,000",,,,,,,,,,30％
ヒアルロン酸注入,ジュビダームビスタ,ボリューマ,,1ccあたり,"50,000",,"55,000",,,,,,,,,29000/cc,30％
ヒアルロン酸注入,韓国製ヒアル、ニューラミス,ボリューム、ディープ、ライト共通,,1ccあたり,"30,000",,"33,000",,,,,,,,,,60％
ヒアルロン酸注入,1ccを複数箇所に打つ場合（リップ＋涙袋など）,,,2部位目から,"20,000",,,,,,,,,,,,
ヒアルロン酸注入,ヒアルロン酸溶解、ハイラックス,,他院ヒアル,1ccあたり,"20,000",,"22,000",,,,,,,,,20000/750U,
ヒアルロン酸注入,ヒアルロン酸溶解、ハイラックス,,自院ヒアル,1ccあたり,"10,000",,,,,,,,,,,,
ヒアルロン酸注入,ヒアルロン酸共通備考,モニター料金,20%OFF,,,,,,,,,,,,,,
糸リフト,ショッピングリフト,,,10本,"39,800",,"43,780",,,,,,650,"10,000","10,650",,
糸リフト,ショッピングリフト,,,20本,"69,800",,"76,780",,,,,,,,,,
糸リフト,ショッピングリフト,,,30本,"99,800",,"109,780",,,,,,,,,,
糸リフト,ショッピングリフト,,,40本,"129,800",,"142,780",,,,,,,,,,
糸リフト,ショッピングリフト,,,50本,"159,800",,"175,780",,,,,,,,,,
糸リフト,ショッピングリフト,,,60本,"189,800",,"208,780",,,,,,,,,,
糸リフト,糸リフト（麻酔込み）,,2本お試し,2本,"98,000",,"107,800",,,,,,"6,000","10,000","16,000",,
糸リフト,糸リフト（麻酔込み）,,,4本,"180,000",,"198,000",,,,,,,,,,
糸リフト,糸リフト（麻酔込み）,,,6本,"250,000",,"275,000",,,,,,,,,,
糸リフト,糸リフト（麻酔込み）,,,8本、裏メニュー,"320,000",,"352,000",,,,,,,,,,
他院抜糸,他院抜糸,,1部位,,"5,000",,"5,500",,,,,,,,,,
他院抜糸,他院抜糸,,取り放題,,"10,000",,"11,000",,,,,,,,,,
麻酔,スキンケア共通,表皮麻酔,,1回,"3,000",,"3,300",,45.5%,"3,000",50.0%,"1,000",500,"1,000","1,500",,60%
麻酔,スキンケア共通,表皮麻酔濃いめ,,1回,"5,000",,"5,500",,36.4%,,,,"1,000","1,000","2,000",,60%
麻酔,スキンケア共通,鎮静パック,,1回,"3,000",,"3,300",,43.3%,"3,000",43.3%,,800,500,"1,300",,60%
麻酔,表皮麻酔,,,,"3,000",,"3,300",,,,,,,,,,
麻酔,笑気麻酔,,,15分ごとに,"3,000",,"3,300",,,,,,,,,,30％
麻酔,笑気麻酔　外科,,,,"10,000",,"11,000",,,,,,,,,,
麻酔,ブロック麻酔,,,,"5,000",,"5,500",,,,,,,,,,60％
麻酔,静脈麻酔,,,,"50,000",,"55,000",,,,,,,,,,
麻酔,静脈麻酔　脂肪吸引の場合,,,,"100,000",,"110,000",,,,,,,,,,
医薬品,ダイエット薬,リベルサス,3mg,30錠,"8,000",,"8,800",,52.9%,,#DIV/0!,"8,000","4,230",0,"4,230",,30%
医薬品,ダイエット薬,リベルサス,7mg,30錠,"18,000",,"19,800",,54.8%,,#DIV/0!,"18,000","9,870",0,"9,870",,30%
医薬品,ダイエット薬,リベルサス,14mg,30錠,"28,000",,"30,800",,52.9%,,#DIV/0!,"28,000","14,803",0,"14,803",,30%
医薬品,ダイエット薬,マンジャロ,2.5mg,1本,"9,800",,"10,780",,47.4%,,#DIV/0!,"9,800","4,650",0,"4,650",,30%
医薬品,ダイエット薬,マンジャロ,5mg,1本,"16,000",,"17,600",,47.8%,,#DIV/0!,"16,000","7,650",0,"7,650",,30%
医薬品,ダイエット薬,マンジャロ,7.5mg,1本,"19,000",,"20,900",,48.7%,,,"21,000","9,250",,"9,250",,
医薬品,ダイエット薬,フォシーガ,5mg ,30錠,"9,000",,"9,900",,49.5%,,#DIV/0!,"9,000","4,454",0,"4,454",,30%
医薬品,外用薬,ハイドロキノン4%,,20g,"6,000",,"6,600",,34.2%,,#DIV/0!,"6,000","2,055",0,"2,055",,60%
医薬品,外用薬,トレチノイン0.05%,,20g,"7,000",,"7,700",,32.9%,,#DIV/0!,"7,000","2,305",0,"2,305",,60%
医薬品,美容内服薬,シナール（ビタミンC,1ヶ月分,60錠,"1,500",,"1,650",,21.8%,,#DIV/0!,"1,500",327,0,327,,60%
医薬品,美容内服薬,ユベラ（ビタミンE）,1ヶ月分,30錠,"1,500",,"1,650",,10.9%,,#DIV/0!,"1,500",164,0,164,,60%
医薬品,美容内服薬,トラネキサム酸 ,1ヶ月分,60錠,"1,500",,"1,650",,36.7%,,#DIV/0!,"1,500",551,0,551,,60%
医薬品,美容内服薬,アクネトレント,10mg,30錠,"7,800",,"8,580",,31.1%,,#DIV/0!,"7,800","2,427",0,"2,427",,60%
医薬品,美容内服薬,アクネトレント ,20mg,30錠,"10,800",,"11,880",,27.8%,,#DIV/0!,"10,800","3,000",0,"3,000",,60%
医薬品,美容内服薬,スキンマリア,1ヶ月分,60錠,"5,800",,"6,380",,51.7%,,#DIV/0!,"5,800","3,000",0,"3,000",,30%
医薬品,美容内服薬,スキンマリア,3ヶ月分,180錠,"15,800",,"17,380",,57.0%,,#DIV/0!,"15,800","9,000",0,"9,000",,
医薬品,美容内服薬,スキンマリア,6ヶ月分,360錠,"30,800",,"33,880",,58.4%,,#DIV/0!,"30,800","18,000",0,"18,000",,
医薬品,美容内服薬,グルタチオン,1ヶ月分,30錠,"1,000",,"1,100",,0.0%,,,,390,,,,60%
医薬品,美容内服薬,グルタチオン,3ヶ月分,100錠,"3,000",,3300,,,,,,,,,,
医薬品,ED薬,バイアグラ,25mg,1錠,"1,500",,"1,650",,73.6%,,#DIV/0!,"1,500","1,105",0,"1,105",,
医薬品,ED薬,バイアグラ,50mg,1錠,"2,000",,"2,200",,0.0%,,#DIV/0!,"2,000",0,0,0,,
医薬品,ED薬,タダラフィル(シアリス) ,10mg,1錠,"1,500",,"1,650",,4.8%,,#DIV/0!,"1,500",73,0,73,,
医薬品,ED薬,タダラフィル(シアリス) ,20mg,1錠,"2,000",,"2,200",,18.1%,,#DIV/0!,"2,000",362,0,362,,
医薬品,緊急避妊薬,レポノスゲル,,1錠,"10,000",,"11,000",,35.0%,,#DIV/0!,"10,000","3,500",0,"3,500",,
医薬品,低用量ピル,ファボワール　or ラベルフィーユ,1ヶ月,30錠,"2,500",,"2,750",,37.8%,,#DIV/0!,"2,500",945,0,945,,30%
医薬品,低用量ピル,,3ヶ月,90錠,"6,000",,"6,600",,47.2%,,#DIV/0!,"6,000","2,835",0,"2,835",,30%
医薬品,低用量ピル,ドロエチ,1ヶ月,30錠,"5,000",,"5,500",,,,,,"2,500",,,,
ドクターズコスメ,プラスリストア,,1.9% HQ 10g,,"3,000",,"3,300",,60.0%,,,,"1,800",,,,
ドクターズコスメ,プラスリストア,,4% HQ,,"2,000",,"2,200",,60.0%,,,,"1,200",,,,
ドクターズコスメ,プラスリストア,,トラネキサム酸クリーム,,"2,500",,"2,750",,60.0%,,,,"1,500",,,,
ドクターズコスメ,プラスリストア,,クレンジングソープ(ピーリングあり),,"3,600",,"3,960",,60.0%,,,,"2,160",,,,
ドクターズコスメ,プラスリストア,,クレンジングソープ(ピーリングなし),,"3,500",,"3,850",,60.0%,,,,"2,100",,,,
ドクターズコスメ,野田皮膚科ベーシックケア,,化粧水,,"4,000",,"4,400",,54.5%,,,,"2,400",,,,30%
ドクターズコスメ,野田皮膚科ベーシックケア,,乳液,,"4,000",,"4,400",,54.5%,,,,"2,400",,,,30%
ドクターズコスメ,アゼライン酸,,,,"1,800",,"1,980",,54.5%,,,,"1,080",,,,30%
ローマピンク,,唇,通常価格,1回,"150,000",,"165,000",,3.4%,,,,"3,069","2,000","5,069",,
ローマピンク,,唇,30％OFF,1回,"105,000",,"115,500",,19.0%,,,,"18,000","2,000","20,000",,
ローマピンク,,乳輪,通常価格,1回,"200,000",,"220,000",,,,,,"5,115","2,000",,,"40％OFF
クリーム3本つき"
ローマピンク,,乳輪,30％OFF,1回,"140,000",,"154,000",,14.3%,,,,"18,000","2,000","20,000",,
ローマピンク,,VIゾーン,通常価格,1回,"250,000",,"275,000",,,,,,"5,115","2,000",,,
ローマピンク,,VIゾーン,30％OFF,1回,"175,000",,"192,500",,11.4%,,,,"18,000","2,000","20,000",,
ローマピンク,,脇,通常価格,1回,"200,000",,"220,000",,,,,,"5,115","2,000",,,
ローマピンク,,脇,30％OFF,1回,"140,000",,"154,000",,14.3%,,,,"18,000","2,000","20,000",,
ローマピンク,,ひじ・ひざ,通常価格,1回,"150,000",,"165,000",,,,,,"5,115","2,000",,,
ローマピンク,,ひじ・ひざ,30％OFF,1回,"105,000",,"115,500",,19.0%,,,,"18,000","2,000","20,000",,
ローマピンク,,Oライン（肛門） ,通常価格,1回,"100,000",,"110,000",,,,,,"5,115","2,000",,,
ローマピンク,,Oライン（肛門） ,30％OFF,1回,"70,000",,"77,000",,28.6%,,,,"18,000","2,000","20,000",,
ローマピンク,,アフタークリーム,リップ用,3か月分3本売る,"12,000",,"13,200",,99.5%,,,,"11,935",,"11,935",,通常価格
ローマピンク,,アフタークリーム,ボディ用,,"12,000",,"13,200",,99.5%,,,,"11,935",,"11,935",,
ローマピンク,ローマピンク備考,,定価から40％OFFまでOK！30％OFFはクリーム1本つき,,,,,,,,,,,,,,
LDM,,,薬剤なしの場合,,"5,000",,"5,500",,,,,,,,,,30％
LDM,,,トラネキサム酸(オプション金額）,2cc,"2,000",,"2,200",,,,,,,,,,
LDM,,,ビタミンＣ(オプション金額）,2cc,"2,000",,"2,200",,,,,,,,,,
LDM,,,エクソソーム(オプション金額）,2cc,"20,000",,"22,000",,,,,,,,,,
LDM,,,ペップビュー(オプション金額）,2cc,"7,000",,"7,700",,,,,,,,,,
LDM,,,レナトスTaプラス　全顔 (美白・くすみ)(オプション金額）,2cc,"6,000",,"6,600",,,,,,,,,,